--
-- PostgreSQL database dump
--

-- Dumped from database version 12.22 (Ubuntu 12.22-0ubuntu0.20.04.4)
-- Dumped by pg_dump version 12.22 (Ubuntu 12.22-0ubuntu0.20.04.4)

SET statement_timeout = 0;
SET lock_timeout = 0;
SET idle_in_transaction_session_timeout = 0;
SET client_encoding = 'UTF8';
SET standard_conforming_strings = on;
SELECT pg_catalog.set_config('search_path', '', false);
SET check_function_bodies = false;
SET xmloption = content;
SET client_min_messages = warning;
SET row_security = off;

DROP DATABASE universe;
--
-- Name: universe; Type: DATABASE; Schema: -; Owner: freecodecamp
--

CREATE DATABASE universe WITH TEMPLATE = template0 ENCODING = 'UTF8' LC_COLLATE = 'C.UTF-8' LC_CTYPE = 'C.UTF-8';


ALTER DATABASE universe OWNER TO freecodecamp;

\connect universe

SET statement_timeout = 0;
SET lock_timeout = 0;
SET idle_in_transaction_session_timeout = 0;
SET client_encoding = 'UTF8';
SET standard_conforming_strings = on;
SELECT pg_catalog.set_config('search_path', '', false);
SET check_function_bodies = false;
SET xmloption = content;
SET client_min_messages = warning;
SET row_security = off;

SET default_tablespace = '';

SET default_table_access_method = heap;

--
-- Name: galaxy; Type: TABLE; Schema: public; Owner: freecodecamp
--

CREATE TABLE public.galaxy (
    galaxy_id integer NOT NULL,
    name character varying(20) NOT NULL,
    age integer,
    brightness integer,
    mass numeric(10,2),
    description text,
    far boolean,
    c1 integer,
    c2 integer,
    c3 integer
);


ALTER TABLE public.galaxy OWNER TO freecodecamp;

--
-- Name: galaxy_galaxy_id_seq; Type: SEQUENCE; Schema: public; Owner: freecodecamp
--

CREATE SEQUENCE public.galaxy_galaxy_id_seq
    AS integer
    START WITH 1
    INCREMENT BY 1
    NO MINVALUE
    NO MAXVALUE
    CACHE 1;


ALTER TABLE public.galaxy_galaxy_id_seq OWNER TO freecodecamp;

--
-- Name: galaxy_galaxy_id_seq; Type: SEQUENCE OWNED BY; Schema: public; Owner: freecodecamp
--

ALTER SEQUENCE public.galaxy_galaxy_id_seq OWNED BY public.galaxy.galaxy_id;


--
-- Name: moon; Type: TABLE; Schema: public; Owner: freecodecamp
--

CREATE TABLE public.moon (
    moon_id integer NOT NULL,
    name character varying(20),
    planet_id integer NOT NULL,
    c1 integer,
    c2 integer,
    c3 integer
);


ALTER TABLE public.moon OWNER TO freecodecamp;

--
-- Name: moon_moon_id_seq; Type: SEQUENCE; Schema: public; Owner: freecodecamp
--

CREATE SEQUENCE public.moon_moon_id_seq
    AS integer
    START WITH 1
    INCREMENT BY 1
    NO MINVALUE
    NO MAXVALUE
    CACHE 1;


ALTER TABLE public.moon_moon_id_seq OWNER TO freecodecamp;

--
-- Name: moon_moon_id_seq; Type: SEQUENCE OWNED BY; Schema: public; Owner: freecodecamp
--

ALTER SEQUENCE public.moon_moon_id_seq OWNED BY public.moon.moon_id;


--
-- Name: planet; Type: TABLE; Schema: public; Owner: freecodecamp
--

CREATE TABLE public.planet (
    planet_id integer NOT NULL,
    name character varying(20),
    star_id integer NOT NULL,
    c1 integer,
    c2 integer,
    c3 integer
);


ALTER TABLE public.planet OWNER TO freecodecamp;

--
-- Name: planet_planet_id_seq; Type: SEQUENCE; Schema: public; Owner: freecodecamp
--

CREATE SEQUENCE public.planet_planet_id_seq
    AS integer
    START WITH 1
    INCREMENT BY 1
    NO MINVALUE
    NO MAXVALUE
    CACHE 1;


ALTER TABLE public.planet_planet_id_seq OWNER TO freecodecamp;

--
-- Name: planet_planet_id_seq; Type: SEQUENCE OWNED BY; Schema: public; Owner: freecodecamp
--

ALTER SEQUENCE public.planet_planet_id_seq OWNED BY public.planet.planet_id;


--
-- Name: star; Type: TABLE; Schema: public; Owner: freecodecamp
--

CREATE TABLE public.star (
    star_id integer NOT NULL,
    name character varying(20),
    visible boolean,
    galaxy_id integer NOT NULL,
    c1 integer,
    c2 integer,
    c3 integer
);


ALTER TABLE public.star OWNER TO freecodecamp;

--
-- Name: star_galaxy_id_seq; Type: SEQUENCE; Schema: public; Owner: freecodecamp
--

CREATE SEQUENCE public.star_galaxy_id_seq
    AS integer
    START WITH 1
    INCREMENT BY 1
    NO MINVALUE
    NO MAXVALUE
    CACHE 1;


ALTER TABLE public.star_galaxy_id_seq OWNER TO freecodecamp;

--
-- Name: star_galaxy_id_seq; Type: SEQUENCE OWNED BY; Schema: public; Owner: freecodecamp
--

ALTER SEQUENCE public.star_galaxy_id_seq OWNED BY public.star.galaxy_id;


--
-- Name: star_star_id_seq; Type: SEQUENCE; Schema: public; Owner: freecodecamp
--

CREATE SEQUENCE public.star_star_id_seq
    AS integer
    START WITH 1
    INCREMENT BY 1
    NO MINVALUE
    NO MAXVALUE
    CACHE 1;


ALTER TABLE public.star_star_id_seq OWNER TO freecodecamp;

--
-- Name: star_star_id_seq; Type: SEQUENCE OWNED BY; Schema: public; Owner: freecodecamp
--

ALTER SEQUENCE public.star_star_id_seq OWNED BY public.star.star_id;


--
-- Name: test; Type: TABLE; Schema: public; Owner: freecodecamp
--

CREATE TABLE public.test (
    id integer NOT NULL,
    test_id integer NOT NULL,
    name character varying(20)
);


ALTER TABLE public.test OWNER TO freecodecamp;

--
-- Name: galaxy galaxy_id; Type: DEFAULT; Schema: public; Owner: freecodecamp
--

ALTER TABLE ONLY public.galaxy ALTER COLUMN galaxy_id SET DEFAULT nextval('public.galaxy_galaxy_id_seq'::regclass);


--
-- Name: moon moon_id; Type: DEFAULT; Schema: public; Owner: freecodecamp
--

ALTER TABLE ONLY public.moon ALTER COLUMN moon_id SET DEFAULT nextval('public.moon_moon_id_seq'::regclass);


--
-- Name: planet planet_id; Type: DEFAULT; Schema: public; Owner: freecodecamp
--

ALTER TABLE ONLY public.planet ALTER COLUMN planet_id SET DEFAULT nextval('public.planet_planet_id_seq'::regclass);


--
-- Name: star star_id; Type: DEFAULT; Schema: public; Owner: freecodecamp
--

ALTER TABLE ONLY public.star ALTER COLUMN star_id SET DEFAULT nextval('public.star_star_id_seq'::regclass);


--
-- Data for Name: galaxy; Type: TABLE DATA; Schema: public; Owner: freecodecamp
--

INSERT INTO public.galaxy VALUES (1, 'a', NULL, NULL, NULL, NULL, NULL, NULL, NULL, NULL);
INSERT INTO public.galaxy VALUES (2, 'a', NULL, NULL, NULL, NULL, NULL, NULL, NULL, NULL);
INSERT INTO public.galaxy VALUES (3, 'a', NULL, NULL, NULL, NULL, NULL, NULL, NULL, NULL);
INSERT INTO public.galaxy VALUES (4, 'a', NULL, NULL, NULL, NULL, NULL, NULL, NULL, NULL);
INSERT INTO public.galaxy VALUES (5, 'a', NULL, NULL, NULL, NULL, NULL, NULL, NULL, NULL);
INSERT INTO public.galaxy VALUES (6, 'a', NULL, NULL, NULL, NULL, NULL, NULL, NULL, NULL);


--
-- Data for Name: moon; Type: TABLE DATA; Schema: public; Owner: freecodecamp
--

INSERT INTO public.moon VALUES (1, NULL, 1, NULL, NULL, NULL);
INSERT INTO public.moon VALUES (2, NULL, 2, NULL, NULL, NULL);
INSERT INTO public.moon VALUES (3, NULL, 3, NULL, NULL, NULL);
INSERT INTO public.moon VALUES (4, NULL, 1, NULL, NULL, NULL);
INSERT INTO public.moon VALUES (5, NULL, 1, NULL, NULL, NULL);
INSERT INTO public.moon VALUES (6, NULL, 1, NULL, NULL, NULL);
INSERT INTO public.moon VALUES (7, NULL, 1, NULL, NULL, NULL);
INSERT INTO public.moon VALUES (8, NULL, 1, NULL, NULL, NULL);
INSERT INTO public.moon VALUES (9, NULL, 1, NULL, NULL, NULL);
INSERT INTO public.moon VALUES (10, NULL, 1, NULL, NULL, NULL);
INSERT INTO public.moon VALUES (11, NULL, 1, NULL, NULL, NULL);
INSERT INTO public.moon VALUES (12, NULL, 1, NULL, NULL, NULL);
INSERT INTO public.moon VALUES (13, NULL, 1, NULL, NULL, NULL);
INSERT INTO public.moon VALUES (14, NULL, 1, NULL, NULL, NULL);
INSERT INTO public.moon VALUES (15, NULL, 1, NULL, NULL, NULL);
INSERT INTO public.moon VALUES (16, NULL, 1, NULL, NULL, NULL);
INSERT INTO public.moon VALUES (17, NULL, 1, NULL, NULL, NULL);
INSERT INTO public.moon VALUES (18, NULL, 1, NULL, NULL, NULL);
INSERT INTO public.moon VALUES (19, NULL, 1, NULL, NULL, NULL);
INSERT INTO public.moon VALUES (20, NULL, 1, NULL, NULL, NULL);


--
-- Data for Name: planet; Type: TABLE DATA; Schema: public; Owner: freecodecamp
--

INSERT INTO public.planet VALUES (1, NULL, 1, NULL, NULL, NULL);
INSERT INTO public.planet VALUES (2, NULL, 2, NULL, NULL, NULL);
INSERT INTO public.planet VALUES (3, NULL, 3, NULL, NULL, NULL);
INSERT INTO public.planet VALUES (4, NULL, 1, NULL, NULL, NULL);
INSERT INTO public.planet VALUES (5, NULL, 1, NULL, NULL, NULL);
INSERT INTO public.planet VALUES (6, NULL, 1, NULL, NULL, NULL);
INSERT INTO public.planet VALUES (7, NULL, 1, NULL, NULL, NULL);
INSERT INTO public.planet VALUES (8, NULL, 2, NULL, NULL, NULL);
INSERT INTO public.planet VALUES (9, NULL, 2, NULL, NULL, NULL);
INSERT INTO public.planet VALUES (10, NULL, 2, NULL, NULL, NULL);
INSERT INTO public.planet VALUES (11, NULL, 2, NULL, NULL, NULL);
INSERT INTO public.planet VALUES (12, NULL, 2, NULL, NULL, NULL);


--
-- Data for Name: star; Type: TABLE DATA; Schema: public; Owner: freecodecamp
--

INSERT INTO public.star VALUES (1, 'e', NULL, 1, NULL, NULL, NULL);
INSERT INTO public.star VALUES (2, NULL, NULL, 2, NULL, NULL, NULL);
INSERT INTO public.star VALUES (3, NULL, NULL, 3, NULL, NULL, NULL);
INSERT INTO public.star VALUES (4, NULL, NULL, 4, NULL, NULL, NULL);
INSERT INTO public.star VALUES (5, NULL, NULL, 5, NULL, NULL, NULL);
INSERT INTO public.star VALUES (6, NULL, NULL, 6, NULL, NULL, NULL);


--
-- Data for Name: test; Type: TABLE DATA; Schema: public; Owner: freecodecamp
--

INSERT INTO public.test VALUES (1, 1, NULL);
INSERT INTO public.test VALUES (2, 2, NULL);
INSERT INTO public.test VALUES (3, 3, NULL);


--
-- Name: galaxy_galaxy_id_seq; Type: SEQUENCE SET; Schema: public; Owner: freecodecamp
--

SELECT pg_catalog.setval('public.galaxy_galaxy_id_seq', 1, false);


--
-- Name: moon_moon_id_seq; Type: SEQUENCE SET; Schema: public; Owner: freecodecamp
--

SELECT pg_catalog.setval('public.moon_moon_id_seq', 1, false);


--
-- Name: planet_planet_id_seq; Type: SEQUENCE SET; Schema: public; Owner: freecodecamp
--

SELECT pg_catalog.setval('public.planet_planet_id_seq', 1, false);


--
-- Name: star_galaxy_id_seq; Type: SEQUENCE SET; Schema: public; Owner: freecodecamp
--

SELECT pg_catalog.setval('public.star_galaxy_id_seq', 1, false);


--
-- Name: star_star_id_seq; Type: SEQUENCE SET; Schema: public; Owner: freecodecamp
--

SELECT pg_catalog.setval('public.star_star_id_seq', 1, false);


--
-- Name: galaxy galaxy_galaxy_id_key; Type: CONSTRAINT; Schema: public; Owner: freecodecamp
--

ALTER TABLE ONLY public.galaxy
    ADD CONSTRAINT galaxy_galaxy_id_key UNIQUE (galaxy_id);


--
-- Name: galaxy galaxy_pkey; Type: CONSTRAINT; Schema: public; Owner: freecodecamp
--

ALTER TABLE ONLY public.galaxy
    ADD CONSTRAINT galaxy_pkey PRIMARY KEY (galaxy_id);


--
-- Name: moon moon_moon_id_key; Type: CONSTRAINT; Schema: public; Owner: freecodecamp
--

ALTER TABLE ONLY public.moon
    ADD CONSTRAINT moon_moon_id_key UNIQUE (moon_id);


--
-- Name: moon moon_pkey; Type: CONSTRAINT; Schema: public; Owner: freecodecamp
--

ALTER TABLE ONLY public.moon
    ADD CONSTRAINT moon_pkey PRIMARY KEY (moon_id);


--
-- Name: planet planet_pkey; Type: CONSTRAINT; Schema: public; Owner: freecodecamp
--

ALTER TABLE ONLY public.planet
    ADD CONSTRAINT planet_pkey PRIMARY KEY (planet_id);


--
-- Name: planet planet_planet_id_key; Type: CONSTRAINT; Schema: public; Owner: freecodecamp
--

ALTER TABLE ONLY public.planet
    ADD CONSTRAINT planet_planet_id_key UNIQUE (planet_id);


--
-- Name: star star_pkey; Type: CONSTRAINT; Schema: public; Owner: freecodecamp
--

ALTER TABLE ONLY public.star
    ADD CONSTRAINT star_pkey PRIMARY KEY (star_id);


--
-- Name: star star_star_id_key; Type: CONSTRAINT; Schema: public; Owner: freecodecamp
--

ALTER TABLE ONLY public.star
    ADD CONSTRAINT star_star_id_key UNIQUE (star_id);


--
-- Name: test test_pkey; Type: CONSTRAINT; Schema: public; Owner: freecodecamp
--

ALTER TABLE ONLY public.test
    ADD CONSTRAINT test_pkey PRIMARY KEY (test_id);


--
-- Name: test test_test_id_key; Type: CONSTRAINT; Schema: public; Owner: freecodecamp
--

ALTER TABLE ONLY public.test
    ADD CONSTRAINT test_test_id_key UNIQUE (test_id);


--
-- Name: moon moon_planet_id_fkey; Type: FK CONSTRAINT; Schema: public; Owner: freecodecamp
--

ALTER TABLE ONLY public.moon
    ADD CONSTRAINT moon_planet_id_fkey FOREIGN KEY (planet_id) REFERENCES public.planet(planet_id);


--
-- Name: planet planet_star_id_fkey; Type: FK CONSTRAINT; Schema: public; Owner: freecodecamp
--

ALTER TABLE ONLY public.planet
    ADD CONSTRAINT planet_star_id_fkey FOREIGN KEY (star_id) REFERENCES public.star(star_id);


--
-- Name: star star_galaxy_id_fkey; Type: FK CONSTRAINT; Schema: public; Owner: freecodecamp
--

ALTER TABLE ONLY public.star
    ADD CONSTRAINT star_galaxy_id_fkey FOREIGN KEY (galaxy_id) REFERENCES public.galaxy(galaxy_id);


--
-- PostgreSQL database dump complete
--

